date,description,amount
2025-03-01,"DIRECT DEPOSIT PAYROLL",3372
2025-03-01,"BANK FEE",-43
2025-03-01,"DISNEY+",-5
2025-03-01,"SPOTIFY",-18
2025-03-01,"LOCAL BISTRO",-22
2025-03-01,"HULU",-10
2025-03-01,"VENMO",-42
2025-03-01,"UBER EATS",-34
2025-03-02,"CHIPOTLE",-44
2025-03-02,"DOMINO'S",-31
2025-03-02,"BANK FEE",-20
2025-03-02,"STARBUCKS",-17
2025-03-03,"CVS PHARMACY",-43
2025-03-03,"DOCTOR COPAY",-30
2025-03-03,"CASH APP",-8
2025-03-03,"CVS PHARMACY",-62
2025-03-04,"ADOBE",-25
2025-03-04,"SPOTIFY",-23
2025-03-04,"CHIPOTLE",-33
2025-03-04,"VENMO",-50
2025-03-04,"NETFLIX",-10
2025-03-04,"BEST BUY",-171
2025-03-05,"ICLOUD",-16
2025-03-05,"XBOX",-48
2025-03-05,"ZELLE",-41
2025-03-06,"DOMINO'S",-32
2025-03-06,"DOMINO'S",-15
2025-03-06,"GITHUB",-10
2025-03-06,"ALDI",-78
2025-03-06,"SPROUTS",-55
2025-03-07,"DISNEY+",-13
2025-03-07,"ADOBE",-14
2025-03-07,"STARBUCKS",-37
2025-03-08,"XBOX",-26
2025-03-08,"APPLE.COM",-56
2025-03-08,"GYM MEMBERSHIP",-21
2025-03-08,"CONCERT",-28
2025-03-08,"DOMINO'S",-31
2025-03-09,"ELECTRIC CO",-156
2025-03-09,"CONCERT",-34
2025-03-09,"UBER EATS",-20
2025-03-10,"PARKING",-40
2025-03-10,"HBO MAX",-11
2025-03-10,"AMAZON",-128
2025-03-10,"PARKING",-56
2025-03-10,"SAFEWAY",-52
2025-03-11,"NETFLIX",-18
2025-03-11,"AT&T",-130
2025-03-11,"PLAYSTATION",-21
2025-03-11,"EXXON",-42
2025-03-11,"COFFEE SHOP",-26
2025-03-11,"IKEA",-87
2025-03-11,"LOCAL BISTRO",-26
2025-03-11,"DOMINO'S",-13
2025-03-11,"MCDONALDS",-10
2025-03-12,"LOCAL BISTRO",-9
2025-03-12,"GAS COMPANY",-166
2025-03-12,"PANERA",-36
2025-03-12,"COFFEE SHOP",-44
2025-03-13,"DIRECT DEPOSIT PAYROLL",3495
2025-03-13,"PARKING",-64
2025-03-13,"CHIPOTLE",-17
2025-03-13,"DISNEY+",-6
2025-03-13,"PLAYSTATION",-52
2025-03-13,"STARBUCKS",-41
2025-03-13,"IKEA",-174
2025-03-13,"KROGER",-104
2025-03-13,"DISNEY+",-11
2025-03-14,"CASH APP",-25
2025-03-14,"ALDI",-58
2025-03-14,"PANERA",-24
2025-03-14,"HULU",-11
2025-03-14,"NETFLIX",-14
2025-03-15,"WATER UTILITY",-100
2025-03-15,"AMAZON.COM",-187
2025-03-15,"WATER UTILITY",-166
2025-03-15,"UBER EATS",-32
2025-03-15,"HBO MAX",-21
2025-03-15,"BEST BUY",-104
2025-03-16,"SPROUTS",-100
2025-03-16,"COSTCO",-104
2025-03-16,"MCDONALDS",-42
2025-03-16,"TRADER JOE'S",-104
2025-03-16,"CHIPOTLE",-23
2025-03-16,"LANDLORD RENT",-1702
2025-03-16,"TOLL",-33
2025-03-16,"CHIPOTLE",-37
2025-03-16,"COSTCO",-44
2025-03-17,"PANERA",-20
2025-03-18,"COSTCO",-62
2025-03-18,"WHOLE FOODS",-93
2025-03-18,"PLAYSTATION",-30
2025-03-18,"CASH APP",-47
2025-03-18,"BUS PASS",-34
2025-03-18,"WALMART",-64
2025-03-18,"DOMINO'S",-23
2025-03-18,"DOMINO'S",-12
2025-03-19,"NETFLIX",-9
2025-03-19,"MCDONALDS",-12
2025-03-19,"COFFEE SHOP",-9
2025-03-20,"CASH APP",-21
2025-03-21,"XBOX",-14
2025-03-21,"CVS PHARMACY",-46
2025-03-21,"ATM WITHDRAWAL",-13
2025-03-22,"NORDSTROM",-152
2025-03-22,"SPOTIFY",-11
2025-03-23,"EXXON",-49
2025-03-23,"SPROUTS",-93
2025-03-23,"STARBUCKS",-9
2025-03-23,"CHIPOTLE",-16
2025-03-23,"TARGET",-85
2025-03-24,"HBO MAX",-8
2025-03-24,"STARBUCKS",-19
2025-03-24,"GITHUB",-6
2025-03-24,"DOCTOR COPAY",-15
2025-03-24,"UBER EATS",-23
2025-03-24,"STARBUCKS",-14
2025-03-24,"ATM WITHDRAWAL",-22
2025-03-24,"STARBUCKS",-41
2025-03-24,"XBOX",-44
2025-03-24,"DOMINO'S",-39
2025-03-24,"COSTCO",-60
2025-03-24,"CONCERT",-40
2025-03-25,"ALDI",-58
2025-03-25,"EXXON",-50
2025-03-25,"GYM MEMBERSHIP",-18
2025-03-25,"PARKING",-79
2025-03-25,"APPLE.COM",-177
2025-03-26,"VENMO",-7
2025-03-26,"ICLOUD",-24
2025-03-26,"ELECTRIC CO",-87
2025-03-26,"WHOLE FOODS",-83
2025-03-26,"ATM WITHDRAWAL",-9
2025-03-26,"DROPBOX",-9
2025-03-26,"KROGER",-79
2025-03-26,"TARGET",-83
2025-03-26,"MCDONALDS",-41
2025-03-26,"UBER",-52
2025-03-27,"COFFEE SHOP",-37
2025-03-27,"WALMART",-43
2025-03-28,"HOA FEE",-1247
2025-03-28,"ADOBE",-10
2025-03-28,"DOMINO'S",-19
2025-03-29,"CASH APP",-37
2025-03-29,"TARGET",-118
2025-03-29,"COFFEE SHOP",-18
2025-03-29,"DOMINO'S",-12
2025-03-30,"PERSONAL TRANSFER",-25
2025-03-30,"ATM WITHDRAWAL",-34
2025-03-30,"CHEVRON",-45
2025-03-31,"PARKING",-39
2025-03-31,"MCDONALDS",-9
2025-03-31,"ZELLE",-6
2025-03-31,"UBER EATS",-15
2025-03-31,"VISION",-31
2025-03-31,"AMAZON",-61
2025-03-31,"PERSONAL TRANSFER",-49
2025-04-01,"EMPLOYER PAYROLL",3142
2025-04-01,"CHIPOTLE",-28
2025-04-01,"MCDONALDS",-33
2025-04-01,"WATER UTILITY",-71
2025-04-01,"PLAYSTATION",-49
2025-04-01,"CHEVRON",-70
2025-04-01,"EXXON",-49
2025-04-02,"PANERA",-24
2025-04-02,"AMAZON.COM",-45
2025-04-02,"HBO MAX",-11
2025-04-02,"SPOTIFY",-14
2025-04-02,"METRO CARD",-66
2025-04-02,"PERSONAL TRANSFER",-26
2025-04-03,"LOCAL BISTRO",-8
2025-04-03,"RENT PAYMENT",-1526
2025-04-03,"PANERA",-42
2025-04-04,"ATM WITHDRAWAL",-49
2025-04-04,"NORDSTROM",-190
2025-04-05,"BUS PASS",-67
2025-04-05,"SHELL GAS",-32
2025-04-05,"DOORDASH",-8
2025-04-05,"STARBUCKS",-20
2025-04-06,"SAFEWAY",-71
2025-04-06,"NORDSTROM",-33
2025-04-06,"DOCTOR COPAY",-70
2025-04-06,"PARKING",-44
2025-04-06,"DENTAL",-21
2025-04-06,"NORDSTROM",-126
2025-04-07,"NETFLIX",-21
2025-04-07,"LOCAL BISTRO",-39
2025-04-07,"SAFEWAY",-73
2025-04-07,"LOCAL BISTRO",-35
2025-04-08,"CHIPOTLE",-42
2025-04-08,"EBAY",-56
2025-04-08,"WALGREENS",-27
2025-04-08,"METRO CARD",-25
2025-04-08,"SHELL GAS",-79
2025-04-09,"CONCERT",-58
2025-04-09,"UBER EATS",-16
2025-04-09,"TRADER JOE'S",-107
2025-04-09,"CASH APP",-7
2025-04-09,"KROGER",-120
2025-04-10,"KROGER",-117
2025-04-10,"AMAZON",-115
2025-04-10,"DISNEY+",-13
2025-04-11,"DOMINO'S",-24
2025-04-11,"CVS PHARMACY",-12
2025-04-11,"BUS PASS",-70
2025-04-11,"KROGER",-51
2025-04-11,"WHOLE FOODS",-86
2025-04-11,"ICLOUD",-14
2025-04-12,"DOMINO'S",-12
2025-04-12,"BEST BUY",-187
2025-04-12,"TRADER JOE'S",-38
2025-04-12,"MCDONALDS",-23
2025-04-12,"DOORDASH",-34
2025-04-13,"PAYROLL DIRECT DEP",3495
2025-04-13,"PERSONAL TRANSFER",-28
2025-04-13,"LOCAL BISTRO",-18
2025-04-13,"PLAYSTATION",-38
2025-04-13,"COSTCO",-105
2025-04-14,"UBER EATS",-32
2025-04-14,"PANERA",-20
2025-04-14,"GITHUB",-20
2025-04-14,"PANERA",-18
2025-04-14,"VENMO",-21
2025-04-14,"APPLE.COM",-138
2025-04-14,"TRADER JOE'S",-104
2025-04-14,"GITHUB",-5
2025-04-15,"CASH APP",-25
2025-04-15,"IKEA",-15
2025-04-15,"AT&T",-180
2025-04-15,"ZELLE",-10
2025-04-16,"PERSONAL TRANSFER",-32
2025-04-16,"GYM MEMBERSHIP",-45
2025-04-17,"TRADER JOE'S",-36
2025-04-17,"TOLL",-79
2025-04-17,"ELECTRIC CO",-85
2025-04-17,"CHIPOTLE",-8
2025-04-18,"NORDSTROM",-186
2025-04-18,"STARBUCKS",-8
2025-04-18,"KROGER",-48
2025-04-18,"CHEVRON",-60
2025-04-18,"ALDI",-35
2025-04-18,"UBER EATS",-23
2025-04-18,"PERSONAL TRANSFER",-25
2025-04-18,"TOLL",-48
2025-04-19,"BUS PASS",-25
2025-04-19,"UBER EATS",-35
2025-04-19,"CASH APP",-39
2025-04-20,"LOCAL BISTRO",-33
2025-04-20,"ADOBE",-25
2025-04-20,"PARKING",-61
2025-04-21,"UBER EATS",-33
2025-04-21,"BUS PASS",-68
2025-04-21,"DOORDASH",-12
2025-04-21,"UBER",-69
2025-04-21,"KROGER",-36
2025-04-22,"VENMO",-11
2025-04-22,"ICLOUD",-23
2025-04-22,"UBER EATS",-30
2025-04-22,"SPROUTS",-118
2025-04-22,"VENMO",-25
2025-04-23,"UBER EATS",-11
2025-04-23,"IKEA",-173
2025-04-23,"NORDSTROM",-94
2025-04-24,"LOCAL BISTRO",-27
2025-04-24,"ADOBE",-5
2025-04-24,"SAFEWAY",-89
2025-04-24,"GYM MEMBERSHIP",-75
2025-04-25,"HOME DEPOT",-51
2025-04-25,"AMAZON",-50
2025-04-25,"DOMINO'S",-28
2025-04-25,"EXXON",-46
2025-04-25,"DOMINO'S",-45
2025-04-25,"TRADER JOE'S",-98
2025-04-26,"PERSONAL TRANSFER",-17
2025-04-26,"ATM WITHDRAWAL",-5
2025-04-26,"ICLOUD",-23
2025-04-26,"PANERA",-22
2025-04-26,"DENTAL",-45
2025-04-26,"NORDSTROM",-74
2025-04-26,"AMAZON.COM",-81
2025-04-27,"AMAZON.COM",-88
2025-04-27,"GYM MEMBERSHIP",-72
2025-04-27,"PLAYSTATION",-20
2025-04-27,"BUS PASS",-79
2025-04-27,"GITHUB",-8
2025-04-28,"BANK FEE",-42
2025-04-28,"COFFEE SHOP",-44
2025-04-28,"HBO MAX",-10
2025-04-28,"BUS PASS",-28
2025-04-28,"COSTCO",-85
2025-04-28,"STARBUCKS",-38
2025-04-28,"PERSONAL TRANSFER",-40
2025-04-29,"EBAY",-183
2025-04-29,"MOVIE TICKET",-19
2025-04-29,"EBAY",-39
2025-04-29,"INTERNET BILL",-160
2025-04-29,"GYM MEMBERSHIP",-78
2025-04-29,"AMAZON.COM",-122
2025-04-30,"DISNEY+",-14
2025-04-30,"SHELL GAS",-43
2025-04-30,"ALDI",-44
2025-04-30,"DOMINO'S",-10
2025-04-30,"HULU",-23
2025-04-30,"SPROUTS",-91
2025-04-30,"XBOX",-60
2025-05-01,"PAYROLL DIRECT DEP",3145
2025-05-01,"UBER EATS",-21
2025-05-01,"CHEVRON",-44
2025-05-01,"UBER",-60
2025-05-01,"UBER EATS",-10
2025-05-01,"IKEA",-160
2025-05-01,"ALDI",-49
2025-05-01,"STARBUCKS",-39
2025-05-01,"LOCAL BISTRO",-26
2025-05-01,"COSTCO",-116
2025-05-02,"ICLOUD",-11
2025-05-02,"XBOX",-46
2025-05-02,"PERSONAL TRANSFER",-12
2025-05-02,"MCDONALDS",-45
2025-05-02,"CHIPOTLE",-44
2025-05-02,"WALMART",-89
2025-05-02,"ALDI",-106
2025-05-02,"STARBUCKS",-41
2025-05-02,"ELECTRIC CO",-71
2025-05-02,"AMAZON.COM",-139
2025-05-03,"HULU",-5
2025-05-03,"KROGER",-113
2025-05-03,"AMAZON",-61
2025-05-03,"BEST BUY",-197
2025-05-04,"DOMINO'S",-24
2025-05-04,"PERSONAL TRANSFER",-12
2025-05-04,"BEST BUY",-60
2025-05-04,"BUS PASS",-47
2025-05-04,"DOCTOR COPAY",-33
2025-05-04,"APPLE.COM",-74
2025-05-04,"MCDONALDS",-16
2025-05-04,"LYFT",-25
2025-05-05,"NORDSTROM",-36
2025-05-05,"ADOBE",-13
2025-05-05,"MCDONALDS",-12
2025-05-05,"SPROUTS",-49
2025-05-05,"NORDSTROM",-89
2025-05-05,"WHOLE FOODS",-43
2025-05-05,"IKEA",-69
2025-05-06,"MORTGAGE PAYMENT",-1446
2025-05-06,"ICLOUD",-24
2025-05-06,"HULU",-5
2025-05-06,"STARBUCKS",-21
2025-05-06,"DOORDASH",-36
2025-05-06,"LANDLORD RENT",-1444
2025-05-06,"LOCAL BISTRO",-33
2025-05-07,"DISNEY+",-22
2025-05-07,"MOVIE TICKET",-16
2025-05-07,"GOLF COURSE",-49
2025-05-07,"WATER UTILITY",-112
2025-05-07,"WALGREENS",-50
2025-05-07,"AMAZON",-184
2025-05-08,"MCDONALDS",-44
2025-05-08,"MORTGAGE PAYMENT",-1635
2025-05-08,"STARBUCKS",-32
2025-05-08,"BUS PASS",-25
2025-05-09,"KROGER",-86
2025-05-09,"CHEVRON",-34
2025-05-09,"CONCERT",-16
2025-05-09,"GITHUB",-22
2025-05-10,"AMAZON",-101
2025-05-10,"SPOTIFY",-9
2025-05-10,"SPROUTS",-41
2025-05-11,"ICLOUD",-9
2025-05-11,"MCDONALDS",-11
2025-05-11,"HOME DEPOT",-185
2025-05-11,"PANERA",-8
2025-05-11,"ALDI",-59
2025-05-11,"COFFEE SHOP",-10
2025-05-11,"APPLE.COM",-183
2025-05-12,"PANERA",-27
2025-05-12,"BUS PASS",-78
2025-05-12,"DOORDASH",-36
2025-05-12,"TOLL",-71
2025-05-13,"PAYROLL DIRECT DEP",3071
2025-05-13,"GOLF COURSE",-51
2025-05-13,"EXXON",-76
2025-05-14,"STARBUCKS",-22
2025-05-14,"CHIPOTLE",-33
2025-05-15,"LOCAL BISTRO",-34
2025-05-15,"WHOLE FOODS",-93
2025-05-15,"BEST BUY",-55
2025-05-15,"CHEVRON",-55
2025-05-16,"BANK FEE",-7
2025-05-16,"HULU",-22
2025-05-16,"LOCAL BISTRO",-32
2025-05-16,"WALGREENS",-38
2025-05-16,"UBER",-51
2025-05-16,"DOORDASH",-42
2025-05-17,"DOORDASH",-43
2025-05-17,"SPOTIFY",-21
2025-05-17,"LOCAL BISTRO",-44
2025-05-17,"DOMINO'S",-21
2025-05-17,"CONCERT",-31
2025-05-18,"GOLF COURSE",-58
2025-05-18,"HOA FEE",-1789
2025-05-18,"ICLOUD",-25
2025-05-18,"HULU",-19
2025-05-19,"CASH APP",-37
2025-05-19,"EXXON",-72
2025-05-19,"PARKING",-37
2025-05-19,"LYFT",-50
2025-05-20,"PANERA",-35
2025-05-20,"PANERA",-31
2025-05-20,"SHELL GAS",-39
2025-05-20,"GITHUB",-5
2025-05-20,"HBO MAX",-15
2025-05-20,"DOMINO'S",-28
2025-05-20,"ADOBE",-5
2025-05-21,"UBER EATS",-32
2025-05-21,"DROPBOX",-11
2025-05-21,"ADOBE",-11
2025-05-21,"PLAYSTATION",-17
2025-05-21,"DROPBOX",-17
2025-05-21,"SAFEWAY",-39
2025-05-21,"UBER EATS",-38
2025-05-21,"VISION",-27
2025-05-22,"LOCAL BISTRO",-24
2025-05-22,"COFFEE SHOP",-24
2025-05-22,"EBAY",-72
2025-05-22,"TARGET",-115
2025-05-22,"CONCERT",-27
2025-05-23,"ZELLE",-25
2025-05-23,"EXXON",-26
2025-05-23,"EXXON",-71
2025-05-23,"ZELLE",-46
2025-05-23,"CVS PHARMACY",-15
2025-05-23,"TARGET",-94
2025-05-23,"MORTGAGE PAYMENT",-1699
2025-05-24,"PERSONAL TRANSFER",-23
2025-05-24,"HOME DEPOT",-131
2025-05-24,"APPLE.COM",-165
2025-05-24,"CASH APP",-23
2025-05-24,"DOORDASH",-26
2025-05-25,"CASH APP",-37
2025-05-25,"CONCERT",-45
2025-05-25,"XBOX",-42
2025-05-25,"DENTAL",-13
2025-05-25,"MCDONALDS",-30
2025-05-25,"HOME DEPOT",-55
2025-05-25,"APPLE MUSIC",-15
2025-05-26,"DOORDASH",-19
2025-05-26,"DOORDASH",-24
2025-05-26,"EXXON",-42
2025-05-27,"PERSONAL TRANSFER",-27
2025-05-27,"GITHUB",-13
2025-05-27,"UBER EATS",-8
2025-05-27,"COSTCO",-70
2025-05-28,"UBER EATS",-45
2025-05-28,"UBER EATS",-18
2025-05-29,"SPOTIFY",-9
2025-05-29,"PANERA",-39
2025-05-29,"WALMART",-92
2025-05-29,"SPOTIFY",-10
2025-05-29,"STARBUCKS",-17
2025-05-29,"GITHUB",-6
2025-05-29,"STARBUCKS",-27
2025-05-29,"STEAM",-57
2025-05-29,"XBOX",-44
2025-05-29,"GITHUB",-14
2025-05-30,"CASH APP",-30
2025-05-30,"SPROUTS",-81
2025-05-30,"DOMINO'S",-27
2025-05-30,"HBO MAX",-18
2025-05-30,"PARKING",-75
2025-05-30,"DOORDASH",-34
2025-05-31,"WATER UTILITY",-114
2025-05-31,"DOMINO'S",-37
2025-05-31,"DROPBOX",-13
2025-05-31,"CHIPOTLE",-32
2025-05-31,"PANERA",-36
2025-05-31,"SAFEWAY",-90
2025-05-31,"GITHUB",-12
2025-06-01,"EMPLOYER PAYROLL",3272
2025-06-01,"WALMART",-61
2025-06-01,"GITHUB",-14
2025-06-01,"XBOX",-54
2025-06-01,"DENTAL",-43
2025-06-01,"GITHUB",-17
2025-06-01,"VENMO",-38
2025-06-01,"EBAY",-128
2025-06-01,"WALMART",-63
2025-06-01,"HOME DEPOT",-54
2025-06-02,"DISNEY+",-19
2025-06-02,"ADOBE",-16
2025-06-02,"UBER EATS",-23
2025-06-02,"EBAY",-99
2025-06-02,"NETFLIX",-15
2025-06-03,"WALMART",-74
2025-06-03,"HULU",-10
2025-06-04,"RENT PAYMENT",-1389
2025-06-04,"SPOTIFY",-11
2025-06-04,"AT&T",-102
2025-06-04,"INTERNET BILL",-125
2025-06-04,"EXXON",-35
2025-06-04,"COFFEE SHOP",-17
2025-06-04,"TARGET",-45
2025-06-04,"COFFEE SHOP",-38
2025-06-04,"SPROUTS",-73
2025-06-04,"WHOLE FOODS",-61
2025-06-04,"WALMART",-42
2025-06-04,"PANERA",-44
2025-06-05,"STEAM",-19
2025-06-05,"STARBUCKS",-25
2025-06-05,"GITHUB",-18
2025-06-05,"ICLOUD",-12
2025-06-05,"PERSONAL TRANSFER",-30
2025-06-05,"SHELL GAS",-59
2025-06-06,"SAFEWAY",-97
2025-06-06,"NETFLIX",-21
2025-06-06,"CVS PHARMACY",-39
2025-06-07,"MOVIE TICKET",-27
2025-06-07,"LOCAL BISTRO",-9
2025-06-07,"DOMINO'S",-14
2025-06-07,"MORTGAGE PAYMENT",-1377
2025-06-07,"UBER EATS",-29
2025-06-07,"MCDONALDS",-24
2025-06-08,"KROGER",-118
2025-06-08,"MCDONALDS",-36
2025-06-08,"WHOLE FOODS",-37
2025-06-08,"HOME DEPOT",-130
2025-06-08,"MCDONALDS",-19
2025-06-08,"IKEA",-125
2025-06-08,"KROGER",-61
2025-06-09,"DOMINO'S",-45
2025-06-09,"ZELLE",-39
2025-06-09,"PLAYSTATION",-18
2025-06-09,"ALDI",-51
2025-06-09,"DROPBOX",-17
2025-06-10,"UBER",-78
2025-06-10,"HOME DEPOT",-187
2025-06-10,"ATM WITHDRAWAL",-38
2025-06-10,"PANERA",-41
2025-06-10,"COFFEE SHOP",-21
2025-06-10,"CHEVRON",-54
2025-06-10,"STARBUCKS",-41
2025-06-10,"NORDSTROM",-169
2025-06-11,"DOMINO'S",-11
2025-06-11,"CHIPOTLE",-42
2025-06-11,"DOMINO'S",-38
2025-06-11,"PANERA",-15
2025-06-11,"CASH APP",-21
2025-06-11,"CHIPOTLE",-21
2025-06-11,"MOVIE TICKET",-23
2025-06-11,"ELECTRIC CO",-162
2025-06-11,"DENTAL",-79
2025-06-11,"NETFLIX",-14
2025-06-11,"UBER EATS",-35
2025-06-11,"TARGET",-48
2025-06-11,"MOVIE TICKET",-25
2025-06-11,"EXXON",-69
2025-06-11,"WALMART",-107
2025-06-12,"STARBUCKS",-34
2025-06-12,"DROPBOX",-20
2025-06-12,"SPOTIFY",-9
2025-06-12,"SPROUTS",-105
2025-06-13,"PAYROLL DIRECT DEP",3233
2025-06-13,"TARGET",-66
2025-06-13,"AT&T",-109
2025-06-13,"HULU",-21
2025-06-13,"MCDONALDS",-38
2025-06-14,"LYFT",-56
2025-06-14,"BANK FEE",-40
2025-06-14,"ATM WITHDRAWAL",-17
2025-06-14,"UBER EATS",-8
2025-06-14,"NORDSTROM",-16
2025-06-15,"CHEVRON",-68
2025-06-15,"AT&T",-150
2025-06-15,"ICLOUD",-9
2025-06-15,"BANK FEE",-44
2025-06-15,"PHONE BILL",-114
2025-06-16,"PLAYSTATION",-55
2025-06-16,"UBER EATS",-22
2025-06-16,"INTERNET BILL",-125
2025-06-16,"METRO CARD",-62
2025-06-16,"DOORDASH",-18
2025-06-16,"TARGET",-113
2025-06-17,"CASH APP",-20
2025-06-17,"APPLE MUSIC",-7
2025-06-17,"TARGET",-76
2025-06-17,"WHOLE FOODS",-76
2025-06-18,"HOME DEPOT",-61
2025-06-18,"EBAY",-26
2025-06-18,"STEAM",-16
2025-06-18,"EBAY",-38
2025-06-18,"COSTCO",-94
2025-06-18,"ELECTRIC CO",-169
2025-06-19,"BANK FEE",-31
2025-06-20,"DOMINO'S",-22
2025-06-20,"DENTAL",-64
2025-06-20,"ADOBE",-6
2025-06-21,"UBER EATS",-39
2025-06-21,"WHOLE FOODS",-45
2025-06-21,"APPLE.COM",-47
2025-06-21,"LOCAL BISTRO",-8
2025-06-21,"SPROUTS",-37
2025-06-21,"LOCAL BISTRO",-25
2025-06-21,"CASH APP",-5
2025-06-21,"COFFEE SHOP",-35
2025-06-22,"STARBUCKS",-35
2025-06-22,"APPLE MUSIC",-16
2025-06-22,"XBOX",-36
2025-06-23,"STARBUCKS",-42
2025-06-23,"CONCERT",-25
2025-06-23,"ZELLE",-23
2025-06-23,"DISNEY+",-18
2025-06-23,"BUS PASS",-76
2025-06-24,"HOME DEPOT",-44
2025-06-24,"WHOLE FOODS",-79
2025-06-24,"ADOBE",-8
2025-06-24,"TRADER JOE'S",-60
2025-06-24,"LOCAL BISTRO",-27
2025-06-24,"TARGET",-84
2025-06-24,"DROPBOX",-22
2025-06-24,"BANK FEE",-29
2025-06-24,"NETFLIX",-8
2025-06-25,"ICLOUD",-19
2025-06-26,"TRADER JOE'S",-78
2025-06-26,"VENMO",-28
2025-06-26,"GYM MEMBERSHIP",-24
2025-06-26,"PLAYSTATION",-37
2025-06-26,"CASH APP",-43
2025-06-26,"STARBUCKS",-23
2025-06-26,"ICLOUD",-22
2025-06-26,"EXXON",-58
2025-06-27,"COSTCO",-51
2025-06-27,"MCDONALDS",-26
2025-06-27,"WHOLE FOODS",-50
2025-06-27,"GITHUB",-23
2025-06-27,"UBER EATS",-24
2025-06-27,"TOLL",-26
2025-06-28,"UBER EATS",-18
2025-06-28,"HULU",-5
2025-06-28,"CHIPOTLE",-18
2025-06-28,"MCDONALDS",-25
2025-06-28,"ATM WITHDRAWAL",-46
2025-06-28,"BUS PASS",-49
2025-06-29,"TRADER JOE'S",-102
2025-06-29,"DOMINO'S",-14
2025-06-29,"UBER EATS",-16
2025-06-29,"AMAZON",-156
2025-06-29,"XBOX",-45
2025-06-30,"SPROUTS",-81
2025-06-30,"PHONE BILL",-167
2025-06-30,"LOCAL BISTRO",-18
2025-06-30,"STEAM",-55
2025-06-30,"DOORDASH",-32
2025-06-30,"MCDONALDS",-31
2025-06-30,"SAFEWAY",-74
2025-06-30,"VISION",-16
2025-06-30,"HOME DEPOT",-200
2025-06-30,"DOORDASH",-33
2025-06-30,"CHIPOTLE",-36
2025-07-01,"ACME CORP PAYROLL",3285
2025-07-01,"MCDONALDS",-11
2025-07-01,"HBO MAX",-19
2025-07-01,"BUS PASS",-51
2025-07-01,"ZELLE",-40
2025-07-01,"ICLOUD",-14
2025-07-01,"DOORDASH",-44
2025-07-01,"MORTGAGE PAYMENT",-1729
2025-07-01,"AMAZON.COM",-132
2025-07-01,"COFFEE SHOP",-45
2025-07-01,"LYFT",-34
2025-07-01,"NETFLIX",-18
2025-07-01,"APPLE.COM",-166
2025-07-01,"DROPBOX",-12
2025-07-02,"PLAYSTATION",-29
2025-07-02,"DOORDASH",-12
2025-07-02,"CHIPOTLE",-40
2025-07-02,"WHOLE FOODS",-120
2025-07-02,"SPROUTS",-82
2025-07-03,"COFFEE SHOP",-13
2025-07-03,"STARBUCKS",-26
2025-07-03,"DOORDASH",-41
2025-07-03,"SPOTIFY",-14
2025-07-03,"MCDONALDS",-45
2025-07-03,"APPLE MUSIC",-24
2025-07-03,"ATM WITHDRAWAL",-46
2025-07-04,"HBO MAX",-8
2025-07-04,"WALMART",-106
2025-07-04,"GITHUB",-25
2025-07-04,"NORDSTROM",-71
2025-07-04,"BUS PASS",-64
2025-07-04,"BEST BUY",-163
2025-07-04,"WATER UTILITY",-165
2025-07-05,"AMAZON.COM",-31
2025-07-05,"AMAZON.COM",-35
2025-07-05,"STARBUCKS",-25
2025-07-05,"BUS PASS",-36
2025-07-05,"AT&T",-85
2025-07-05,"ADOBE",-13
2025-07-05,"ICLOUD",-12
2025-07-05,"XBOX",-52
2025-07-05,"UBER EATS",-15
2025-07-05,"LOCAL BISTRO",-26
2025-07-06,"CHIPOTLE",-19
2025-07-06,"WALMART",-117
2025-07-06,"IKEA",-174
2025-07-06,"LOCAL BISTRO",-28
2025-07-07,"HOA FEE",-1377
2025-07-07,"ICLOUD",-17
2025-07-08,"PANERA",-16
2025-07-08,"UBER EATS",-28
2025-07-08,"CHIPOTLE",-43
2025-07-08,"WHOLE FOODS",-61
2025-07-09,"HOME DEPOT",-47
2025-07-09,"ATM WITHDRAWAL",-41
2025-07-09,"SAFEWAY",-107
2025-07-09,"CHIPOTLE",-10
2025-07-09,"SAFEWAY",-118
2025-07-09,"APPLE MUSIC",-24
2025-07-09,"BANK FEE",-12
2025-07-09,"LOCAL BISTRO",-44
2025-07-10,"DOMINO'S",-37
2025-07-10,"VENMO",-25
2025-07-10,"SPROUTS",-37
2025-07-10,"COFFEE SHOP",-18
2025-07-10,"ICLOUD",-8
2025-07-10,"MCDONALDS",-42
2025-07-10,"DROPBOX",-24
2025-07-10,"COSTCO",-75
2025-07-10,"CASH APP",-14
2025-07-10,"APPLE MUSIC",-10
2025-07-11,"CVS PHARMACY",-16
2025-07-11,"COFFEE SHOP",-45
2025-07-11,"UBER EATS",-45
2025-07-11,"SPROUTS",-89
2025-07-11,"PLAYSTATION",-16
2025-07-11,"APPLE.COM",-20
2025-07-12,"GAS COMPANY",-111
2025-07-12,"HULU",-13
2025-07-12,"COSTCO",-63
2025-07-12,"AMAZON.COM",-66
2025-07-12,"HULU",-23
2025-07-12,"AT&T",-122
2025-07-13,"PAYROLL DIRECT DEP",3519
2025-07-13,"ATM WITHDRAWAL",-19
2025-07-13,"DOORDASH",-44
2025-07-14,"DOORDASH",-13
2025-07-15,"HULU",-15
2025-07-15,"PANERA",-27
2025-07-15,"WATER UTILITY",-65
2025-07-15,"DOMINO'S",-24
2025-07-16,"HOA FEE",-1450
2025-07-16,"ALDI",-104
2025-07-16,"LOCAL BISTRO",-31
2025-07-17,"LOCAL BISTRO",-24
2025-07-17,"DOORDASH",-8
2025-07-17,"KROGER",-68
2025-07-17,"ATM WITHDRAWAL",-12
2025-07-17,"MORTGAGE PAYMENT",-1428
2025-07-18,"SPROUTS",-67
2025-07-18,"DOMINO'S",-32
2025-07-18,"WATER UTILITY",-142
2025-07-19,"ADOBE",-12
2025-07-19,"DOORDASH",-21
2025-07-19,"SPROUTS",-66
2025-07-19,"DOORDASH",-37
2025-07-19,"LOCAL BISTRO",-34
2025-07-19,"NORDSTROM",-95
2025-07-20,"DOMINO'S",-45
2025-07-20,"ZELLE",-17
2025-07-20,"MCDONALDS",-21
2025-07-20,"CHIPOTLE",-12
2025-07-20,"EBAY",-167
2025-07-20,"LYFT",-80
2025-07-21,"DOORDASH",-39
2025-07-21,"TRADER JOE'S",-95
2025-07-21,"BEST BUY",-148
2025-07-21,"DOMINO'S",-10
2025-07-21,"DOCTOR COPAY",-63
2025-07-21,"EXXON",-27
2025-07-21,"CONCERT",-17
2025-07-21,"DOCTOR COPAY",-42
2025-07-21,"PANERA",-43
2025-07-21,"DISNEY+",-11
2025-07-21,"MOVIE TICKET",-45
2025-07-21,"APPLE.COM",-185
2025-07-22,"GAS COMPANY",-168
2025-07-22,"MOVIE TICKET",-13
2025-07-22,"PLAYSTATION",-49
2025-07-22,"COFFEE SHOP",-15
2025-07-22,"NETFLIX",-8
2025-07-22,"CHEVRON",-47
2025-07-22,"LOCAL BISTRO",-37
2025-07-23,"TOLL",-27
2025-07-23,"SPOTIFY",-9
2025-07-23,"DOORDASH",-45
2025-07-24,"SHELL GAS",-44
2025-07-24,"UBER EATS",-27
2025-07-25,"ELECTRIC CO",-76
2025-07-25,"ALDI",-67
2025-07-25,"DOMINO'S",-45
2025-07-25,"COFFEE SHOP",-39
2025-07-26,"KROGER",-87
2025-07-26,"PANERA",-17
2025-07-26,"NORDSTROM",-48
2025-07-26,"INTERNET BILL",-160
2025-07-26,"PLAYSTATION",-38
2025-07-26,"LOCAL BISTRO",-35
2025-07-26,"SPOTIFY",-9
2025-07-26,"AMAZON",-125
2025-07-26,"PANERA",-32
2025-07-27,"AMAZON.COM",-190
2025-07-27,"TARGET",-84
2025-07-27,"KROGER",-59
2025-07-28,"DROPBOX",-23
2025-07-28,"VENMO",-39
2025-07-29,"STARBUCKS",-11
2025-07-29,"UBER EATS",-25
2025-07-30,"WALMART",-48
2025-07-30,"WHOLE FOODS",-87
2025-07-30,"NORDSTROM",-198
2025-07-30,"ELECTRIC CO",-61
2025-07-30,"LOCAL BISTRO",-17
2025-07-30,"PARKING",-58
2025-07-30,"VISION",-66
2025-07-30,"LOCAL BISTRO",-44
2025-07-30,"PANERA",-8
2025-07-31,"LYFT",-64
2025-07-31,"DENTAL",-35
2025-07-31,"WHOLE FOODS",-65
2025-07-31,"AT&T",-145
2025-07-31,"WALMART",-86
2025-07-31,"BANK FEE",-8
2025-07-31,"CHIPOTLE",-14
2025-08-01,"ACME CORP PAYROLL",3103
2025-08-01,"CHIPOTLE",-33
2025-08-01,"LOCAL BISTRO",-32
2025-08-01,"ICLOUD",-8
2025-08-02,"BEST BUY",-117
2025-08-02,"ICLOUD",-10
2025-08-02,"GITHUB",-11
2025-08-02,"TARGET",-41
2025-08-02,"UBER",-68
2025-08-03,"COFFEE SHOP",-40
2025-08-03,"CVS PHARMACY",-43
2025-08-03,"DOMINO'S",-13
2025-08-03,"APARTMENT RENT",-1466
2025-08-03,"GAS COMPANY",-124
2025-08-03,"ALDI",-102
2025-08-04,"AMAZON.COM",-49
2025-08-04,"DROPBOX",-12
2025-08-04,"EBAY",-85
2025-08-04,"DOMINO'S",-45
2025-08-04,"BUS PASS",-68
2025-08-04,"IKEA",-105
2025-08-04,"CVS PHARMACY",-35
2025-08-04,"DOORDASH",-43
2025-08-05,"WALMART",-103
2025-08-05,"AMAZON.COM",-188
2025-08-05,"ICLOUD",-20
2025-08-05,"TRADER JOE'S",-102
2025-08-05,"CHIPOTLE",-11
2025-08-06,"CVS PHARMACY",-49
2025-08-06,"BUS PASS",-50
2025-08-06,"HULU",-20
2025-08-06,"HULU",-11
2025-08-06,"DOORDASH",-22
2025-08-07,"TRADER JOE'S",-47
2025-08-07,"STARBUCKS",-27
2025-08-07,"COFFEE SHOP",-14
2025-08-07,"BANK FEE",-12
2025-08-07,"APPLE.COM",-118
2025-08-07,"LOCAL BISTRO",-40
2025-08-07,"XBOX",-59
2025-08-07,"ATM WITHDRAWAL",-30
2025-08-07,"CONCERT",-17
2025-08-07,"TARGET",-106
2025-08-08,"BEST BUY",-44
2025-08-08,"SPROUTS",-70
2025-08-08,"PERSONAL TRANSFER",-48
2025-08-08,"KROGER",-111
2025-08-08,"TOLL",-71
2025-08-08,"PLAYSTATION",-32
2025-08-09,"LOCAL BISTRO",-8
2025-08-09,"VENMO",-46
2025-08-09,"WHOLE FOODS",-114
2025-08-09,"NORDSTROM",-89
2025-08-09,"VENMO",-48
2025-08-09,"ATM WITHDRAWAL",-14
2025-08-09,"NETFLIX",-10
2025-08-09,"PANERA",-24
2025-08-10,"SPROUTS",-46
2025-08-10,"DOORDASH",-19
2025-08-10,"CASH APP",-41
2025-08-10,"BANK FEE",-9
2025-08-10,"STARBUCKS",-32
2025-08-10,"LYFT",-38
2025-08-11,"AMAZON",-43
2025-08-11,"METRO CARD",-37
2025-08-11,"WALMART",-95
2025-08-11,"INTERNET BILL",-142
2025-08-11,"ELECTRIC CO",-151
2025-08-11,"DOMINO'S",-35
2025-08-11,"BANK FEE",-16
2025-08-11,"STARBUCKS",-34
2025-08-11,"DENTAL",-67
2025-08-11,"CVS PHARMACY",-62
2025-08-11,"IKEA",-146
2025-08-12,"HBO MAX",-14
2025-08-12,"UBER EATS",-20
2025-08-12,"GOLF COURSE",-37
2025-08-12,"CHIPOTLE",-27
2025-08-13,"DIRECT DEPOSIT PAYROLL",3297
2025-08-13,"SPOTIFY",-22
2025-08-13,"AMAZON",-104
2025-08-13,"KROGER",-85
2025-08-13,"EBAY",-27
2025-08-13,"DOORDASH",-26
2025-08-13,"ICLOUD",-16
2025-08-13,"PANERA",-14
2025-08-14,"PANERA",-39
2025-08-14,"PANERA",-14
2025-08-14,"LOCAL BISTRO",-41
2025-08-14,"ICLOUD",-12
2025-08-15,"MCDONALDS",-29
2025-08-15,"DOORDASH",-32
2025-08-16,"AMAZON",-197
2025-08-16,"ZELLE",-35
2025-08-16,"TOLL",-31
2025-08-17,"NORDSTROM",-126
2025-08-17,"DISNEY+",-14
2025-08-17,"CHIPOTLE",-20
2025-08-17,"TARGET",-75
2025-08-17,"XBOX",-32
2025-08-18,"PLAYSTATION",-42
2025-08-18,"NORDSTROM",-155
2025-08-18,"MCDONALDS",-23
2025-08-18,"CONCERT",-13
2025-08-18,"COSTCO",-75
2025-08-18,"HOME DEPOT",-36
2025-08-19,"ICLOUD",-19
2025-08-19,"VENMO",-50
2025-08-20,"GOLF COURSE",-22
2025-08-20,"DOCTOR COPAY",-76
2025-08-20,"MOVIE TICKET",-27
2025-08-21,"SPOTIFY",-9
2025-08-21,"UBER EATS",-41
2025-08-21,"SPOTIFY",-21
2025-08-21,"TARGET",-94
2025-08-21,"PERSONAL TRANSFER",-28
2025-08-22,"DISNEY+",-5
2025-08-22,"COFFEE SHOP",-19
2025-08-22,"CHIPOTLE",-23
2025-08-22,"ADOBE",-24
2025-08-22,"WATER UTILITY",-102
2025-08-23,"STARBUCKS",-45
2025-08-23,"EBAY",-92
2025-08-23,"DOORDASH",-34
2025-08-23,"EBAY",-144
2025-08-23,"STARBUCKS",-15
2025-08-23,"DOCTOR COPAY",-46
2025-08-23,"LOCAL BISTRO",-33
2025-08-23,"ICLOUD",-25
2025-08-24,"TOLL",-63
2025-08-24,"SPOTIFY",-8
2025-08-24,"MCDONALDS",-24
2025-08-24,"DOMINO'S",-20
2025-08-24,"LOCAL BISTRO",-41
2025-08-24,"UBER EATS",-45
2025-08-25,"UBER EATS",-33
2025-08-25,"SAFEWAY",-99
2025-08-25,"APPLE MUSIC",-21
2025-08-26,"APPLE.COM",-99
2025-08-26,"UBER EATS",-15
2025-08-26,"STEAM",-24
2025-08-26,"STARBUCKS",-28
2025-08-26,"COFFEE SHOP",-36
2025-08-26,"CONCERT",-59
2025-08-26,"GITHUB",-16
2025-08-27,"BANK FEE",-22
2025-08-27,"STARBUCKS",-41
2025-08-28,"TRADER JOE'S",-69
2025-08-28,"COSTCO",-41
2025-08-28,"SAFEWAY",-91
2025-08-28,"UBER",-65
2025-08-28,"DOMINO'S",-19
2025-08-28,"ZELLE",-26
2025-08-28,"DOCTOR COPAY",-71
2025-08-29,"SPOTIFY",-22
2025-08-29,"TRADER JOE'S",-91
2025-08-29,"CHIPOTLE",-43
2025-08-30,"METRO CARD",-51
2025-08-30,"DROPBOX",-18
2025-08-30,"WATER UTILITY",-160
2025-08-30,"DOORDASH",-13
2025-08-30,"DENTAL",-61
2025-08-30,"SPROUTS",-62
2025-08-30,"TRADER JOE'S",-65
2025-08-31,"LOCAL BISTRO",-12
2025-08-31,"ICLOUD",-24
2025-08-31,"UBER EATS",-21
2025-08-31,"COFFEE SHOP",-24
2025-08-31,"PLAYSTATION",-25
2025-08-31,"COFFEE SHOP",-31
2025-08-31,"EBAY",-130
2025-09-01,"SALARY DEPOSIT",3223
2025-09-01,"COSTCO",-65
2025-09-01,"NORDSTROM",-70
2025-09-01,"KROGER",-105
2025-09-01,"VENMO",-8
2025-09-02,"ADOBE",-23
2025-09-02,"COSTCO",-118
2025-09-02,"PERSONAL TRANSFER",-43
2025-09-02,"HOA FEE",-1539
2025-09-02,"VENMO",-50
2025-09-02,"CASH APP",-17
2025-09-02,"NORDSTROM",-84
2025-09-02,"NORDSTROM",-31
2025-09-03,"DOMINO'S",-13
2025-09-03,"HOME DEPOT",-168
2025-09-03,"MCDONALDS",-15
2025-09-03,"TARGET",-43
2025-09-03,"APPLE.COM",-166
2025-09-03,"WHOLE FOODS",-65
2025-09-03,"WHOLE FOODS",-75
2025-09-03,"SPROUTS",-77
2025-09-03,"WHOLE FOODS",-115
2025-09-03,"DOORDASH",-20
2025-09-04,"LYFT",-45
2025-09-04,"ALDI",-56
2025-09-04,"SPOTIFY",-11
2025-09-05,"PANERA",-22
2025-09-05,"CHEVRON",-35
2025-09-05,"DOCTOR COPAY",-39
2025-09-06,"LOCAL BISTRO",-30
2025-09-06,"EBAY",-161
2025-09-06,"VENMO",-29
2025-09-06,"CHEVRON",-44
2025-09-06,"MCDONALDS",-36
2025-09-07,"UBER",-72
2025-09-07,"NETFLIX",-9
2025-09-07,"MCDONALDS",-29
2025-09-08,"APARTMENT RENT",-1269
2025-09-08,"DOMINO'S",-27
2025-09-08,"WALMART",-117
2025-09-09,"SAFEWAY",-73
2025-09-09,"WALMART",-98
2025-09-09,"CONCERT",-14
2025-09-09,"CHIPOTLE",-41
2025-09-09,"CASH APP",-31
2025-09-09,"LOCAL BISTRO",-40
2025-09-09,"PHONE BILL",-128
2025-09-10,"UBER EATS",-25
2025-09-10,"ADOBE",-10
2025-09-10,"BUS PASS",-56
2025-09-10,"BUS PASS",-53
2025-09-10,"CHIPOTLE",-41
2025-09-10,"TARGET",-119
2025-09-10,"WATER UTILITY",-115
2025-09-11,"UBER EATS",-37
2025-09-11,"KROGER",-100
2025-09-11,"SHELL GAS",-65
2025-09-11,"DOORDASH",-20
2025-09-11,"PERSONAL TRANSFER",-14
2025-09-12,"TOLL",-42
2025-09-12,"WHOLE FOODS",-65
2025-09-12,"CHEVRON",-65
2025-09-12,"EBAY",-29
2025-09-12,"DOORDASH",-18
2025-09-12,"TRADER JOE'S",-112
2025-09-12,"TOLL",-66
2025-09-12,"DOMINO'S",-41
2025-09-12,"HBO MAX",-16
2025-09-13,"PAYROLL DIRECT DEP",3277
2025-09-13,"PARKING",-32
2025-09-13,"KROGER",-113
2025-09-13,"LOCAL BISTRO",-35
2025-09-13,"COFFEE SHOP",-14
2025-09-13,"HOME DEPOT",-29
2025-09-14,"NORDSTROM",-34
2025-09-14,"SAFEWAY",-109
2025-09-14,"GYM MEMBERSHIP",-77
2025-09-14,"DOMINO'S",-26
2025-09-14,"DOMINO'S",-18
2025-09-14,"IKEA",-102
2025-09-14,"ADOBE",-15
2025-09-14,"CASH APP",-8
2025-09-14,"CONCERT",-34
2025-09-15,"TRADER JOE'S",-88
2025-09-15,"WALMART",-46
2025-09-15,"UBER",-30
2025-09-15,"TRADER JOE'S",-51
2025-09-16,"WHOLE FOODS",-43
2025-09-16,"UBER",-29
2025-09-16,"AMAZON",-46
2025-09-16,"TOLL",-61
2025-09-16,"SHELL GAS",-59
2025-09-17,"COSTCO",-73
2025-09-17,"VENMO",-46
2025-09-17,"EXXON",-34
2025-09-17,"ICLOUD",-20
2025-09-17,"CHIPOTLE",-30
2025-09-18,"WALGREENS",-61
2025-09-18,"MCDONALDS",-26
2025-09-18,"CHIPOTLE",-8
2025-09-18,"IKEA",-104
2025-09-18,"MOVIE TICKET",-29
2025-09-18,"WALMART",-118
2025-09-19,"WALMART",-103
2025-09-19,"PANERA",-24
2025-09-19,"LOCAL BISTRO",-24
2025-09-19,"ADOBE",-11
2025-09-19,"WHOLE FOODS",-47
2025-09-19,"UBER EATS",-21
2025-09-20,"TARGET",-40
2025-09-20,"HULU",-25
2025-09-20,"GITHUB",-10
2025-09-20,"MOVIE TICKET",-55
2025-09-20,"STEAM",-38
2025-09-20,"STEAM",-46
2025-09-21,"SAFEWAY",-112
2025-09-21,"STARBUCKS",-12
2025-09-21,"WHOLE FOODS",-86
2025-09-22,"EXXON",-29
2025-09-22,"DOMINO'S",-42
2025-09-22,"AMAZON.COM",-43
2025-09-22,"CHEVRON",-55
2025-09-22,"COSTCO",-59
2025-09-22,"BANK FEE",-16
2025-09-23,"DOCTOR COPAY",-27
2025-09-23,"WALGREENS",-69
2025-09-23,"AMAZON",-113
2025-09-23,"DENTAL",-48
2025-09-23,"DOORDASH",-27
2025-09-24,"CHEVRON",-37
2025-09-24,"DROPBOX",-12
2025-09-24,"BUS PASS",-73
2025-09-24,"UBER EATS",-27
2025-09-24,"CASH APP",-34
2025-09-25,"UBER EATS",-37
2025-09-25,"HBO MAX",-9
2025-09-25,"LOCAL BISTRO",-17
2025-09-25,"METRO CARD",-36
2025-09-25,"TARGET",-75
2025-09-25,"LOCAL BISTRO",-10
2025-09-26,"HBO MAX",-9
2025-09-26,"COFFEE SHOP",-29
2025-09-26,"VENMO",-28
2025-09-26,"DOCTOR COPAY",-19
2025-09-26,"COFFEE SHOP",-20
2025-09-26,"MCDONALDS",-21
2025-09-26,"DOMINO'S",-20
2025-09-26,"WALGREENS",-33
2025-09-27,"DISNEY+",-5
2025-09-27,"DOMINO'S",-38
2025-09-27,"ELECTRIC CO",-138
2025-09-27,"CHEVRON",-35
2025-09-27,"DOMINO'S",-26
2025-09-28,"DISNEY+",-15
2025-09-28,"WHOLE FOODS",-84
2025-09-28,"EBAY",-130
2025-09-28,"CASH APP",-41
2025-09-29,"MOVIE TICKET",-60
2025-09-29,"DOMINO'S",-33
2025-09-29,"CHIPOTLE",-39
2025-09-29,"CONCERT",-42
2025-09-29,"APARTMENT RENT",-1272
2025-09-29,"IKEA",-185
2025-09-29,"STARBUCKS",-13
2025-09-29,"SHELL GAS",-49
2025-09-30,"AMAZON.COM",-130
2025-09-30,"PARKING",-66
2025-09-30,"MCDONALDS",-40
2025-09-30,"SHELL GAS",-25
2025-10-01,"ACME CORP PAYROLL",3174
2025-10-01,"COFFEE SHOP",-21
2025-10-01,"NORDSTROM",-169
2025-10-01,"VENMO",-32
2025-10-01,"APPLE MUSIC",-15
2025-10-01,"GITHUB",-22
2025-10-02,"APPLE MUSIC",-14
2025-10-02,"PERSONAL TRANSFER",-35
2025-10-02,"TARGET",-55
2025-10-02,"ALDI",-60
2025-10-02,"LOCAL BISTRO",-20
2025-10-03,"DOORDASH",-27
2025-10-03,"DOMINO'S",-26
2025-10-03,"DROPBOX",-20
2025-10-03,"MCDONALDS",-41
2025-10-03,"ELECTRIC CO",-125
2025-10-04,"TRADER JOE'S",-67
2025-10-04,"COSTCO",-75
2025-10-04,"CASH APP",-5
2025-10-04,"BANK FEE",-44
2025-10-04,"AMAZON",-140
2025-10-04,"TARGET",-62
2025-10-04,"DOMINO'S",-9
2025-10-04,"MOVIE TICKET",-39
2025-10-05,"DENTAL",-42
2025-10-05,"COFFEE SHOP",-20
2025-10-05,"COFFEE SHOP",-39
2025-10-06,"COMCAST",-89
2025-10-06,"TARGET",-35
2025-10-06,"GYM MEMBERSHIP",-10
2025-10-06,"NETFLIX",-11
2025-10-07,"SPOTIFY",-16
2025-10-07,"IKEA",-168
2025-10-07,"NORDSTROM",-50
2025-10-07,"KROGER",-105
2025-10-08,"HOME DEPOT",-45
2025-10-08,"LOCAL BISTRO",-8
2025-10-08,"MOVIE TICKET",-50
2025-10-09,"HOME DEPOT",-38
2025-10-09,"IKEA",-148
2025-10-09,"CHIPOTLE",-32
2025-10-09,"DOCTOR COPAY",-18
2025-10-09,"SAFEWAY",-99
2025-10-10,"CHEVRON",-31
2025-10-10,"MOVIE TICKET",-50
2025-10-11,"BANK FEE",-25
2025-10-11,"COSTCO",-65
2025-10-11,"APPLE MUSIC",-9
2025-10-11,"PANERA",-31
2025-10-11,"STARBUCKS",-33
2025-10-11,"NORDSTROM",-176
2025-10-11,"WALGREENS",-74
2025-10-12,"PERSONAL TRANSFER",-8
2025-10-12,"NORDSTROM",-186
2025-10-12,"CVS PHARMACY",-79
2025-10-12,"DISNEY+",-10
2025-10-12,"COMCAST",-117
2025-10-12,"SPOTIFY",-17
2025-10-13,"DIRECT DEPOSIT PAYROLL",3316
2025-10-14,"EXXON",-51
2025-10-14,"MCDONALDS",-38
2025-10-14,"CASH APP",-22
2025-10-14,"AMAZON.COM",-92
2025-10-14,"ADOBE",-10
2025-10-14,"CASH APP",-27
2025-10-14,"WALMART",-90
2025-10-14,"PERSONAL TRANSFER",-17
2025-10-14,"TRADER JOE'S",-66
2025-10-14,"BANK FEE",-13
2025-10-15,"DOORDASH",-26
2025-10-16,"XBOX",-30
2025-10-16,"EBAY",-99
2025-10-16,"PERSONAL TRANSFER",-10
2025-10-16,"MOVIE TICKET",-23
2025-10-16,"PLAYSTATION",-59
2025-10-16,"MCDONALDS",-41
2025-10-16,"IKEA",-77
2025-10-16,"EBAY",-46
2025-10-16,"DOMINO'S",-21
2025-10-16,"APPLE.COM",-176
2025-10-17,"CHIPOTLE",-43
2025-10-17,"LOCAL BISTRO",-15
2025-10-17,"LYFT",-68
2025-10-18,"STEAM",-42
2025-10-18,"HOME DEPOT",-29
2025-10-18,"AT&T",-76
2025-10-18,"PANERA",-27
2025-10-19,"TOLL",-76
2025-10-19,"DOMINO'S",-14
2025-10-19,"COSTCO",-40
2025-10-19,"INTERNET BILL",-98
2025-10-19,"STARBUCKS",-29
2025-10-19,"GYM MEMBERSHIP",-56
2025-10-20,"TRADER JOE'S",-97
2025-10-20,"HOA FEE",-1583
2025-10-20,"XBOX",-31
2025-10-20,"PANERA",-42
2025-10-20,"GITHUB",-22
2025-10-20,"WALGREENS",-56
2025-10-20,"LYFT",-30
2025-10-21,"GITHUB",-25
2025-10-21,"PANERA",-17
2025-10-21,"APPLE.COM",-173
2025-10-21,"WATER UTILITY",-92
2025-10-21,"LOCAL BISTRO",-19
2025-10-22,"CASH APP",-9
2025-10-22,"TARGET",-69
2025-10-22,"COFFEE SHOP",-16
2025-10-22,"VISION",-50
2025-10-22,"ICLOUD",-9
2025-10-22,"DOORDASH",-23
2025-10-23,"APPLE.COM",-79
2025-10-23,"GOLF COURSE",-32
2025-10-23,"COFFEE SHOP",-9
2025-10-23,"KROGER",-110
2025-10-24,"COFFEE SHOP",-29
2025-10-24,"BEST BUY",-173
2025-10-24,"HBO MAX",-7
2025-10-24,"SHELL GAS",-54
2025-10-24,"MCDONALDS",-16
2025-10-25,"MCDONALDS",-39
2025-10-25,"DENTAL",-11
2025-10-25,"CASH APP",-43
2025-10-25,"MOVIE TICKET",-25
2025-10-25,"PANERA",-35
2025-10-25,"CONCERT",-27
2025-10-25,"GYM MEMBERSHIP",-50
2025-10-26,"SPOTIFY",-11
2025-10-26,"ATM WITHDRAWAL",-20
2025-10-27,"KROGER",-76
2025-10-27,"STARBUCKS",-15
2025-10-27,"STARBUCKS",-32
2025-10-27,"VENMO",-28
2025-10-28,"SAFEWAY",-108
2025-10-28,"WHOLE FOODS",-56
2025-10-28,"NORDSTROM",-43
2025-10-28,"HULU",-14
2025-10-29,"BUS PASS",-73
2025-10-29,"DISNEY+",-11
2025-10-29,"AMAZON",-36
2025-10-29,"CHIPOTLE",-19
2025-10-29,"BUS PASS",-77
2025-10-29,"ALDI",-105
2025-10-29,"GOLF COURSE",-29
2025-10-29,"CASH APP",-15
2025-10-29,"EXXON",-33
2025-10-29,"COMCAST",-156
2025-10-29,"MCDONALDS",-22
2025-10-30,"STARBUCKS",-20
2025-10-30,"GYM MEMBERSHIP",-67
2025-10-30,"ATM WITHDRAWAL",-7
2025-10-30,"AMAZON.COM",-114
2025-10-30,"DOORDASH",-33
2025-10-30,"ALDI",-61
2025-10-30,"AMAZON",-174
2025-10-30,"GYM MEMBERSHIP",-17
2025-10-31,"PLAYSTATION",-34
2025-10-31,"GITHUB",-24
2025-10-31,"TARGET",-105
2025-10-31,"NORDSTROM",-159
2025-10-31,"PERSONAL TRANSFER",-28
2025-10-31,"AMAZON",-154
2025-10-31,"DOORDASH",-14
2025-10-31,"PLAYSTATION",-32
2025-10-31,"BUS PASS",-53
2025-10-31,"PLAYSTATION",-18
2025-11-01,"DIRECT DEPOSIT PAYROLL",3238
2025-11-01,"MORTGAGE PAYMENT",-1433
2025-11-01,"PARKING",-56
2025-11-01,"NORDSTROM",-56
2025-11-01,"COFFEE SHOP",-18
2025-11-01,"XBOX",-31
2025-11-01,"AMAZON.COM",-71
2025-11-01,"SPOTIFY",-9
2025-11-01,"PANERA",-27
2025-11-02,"DOORDASH",-29
2025-11-02,"EBAY",-115
2025-11-02,"HULU",-6
2025-11-02,"UBER",-77
2025-11-02,"EBAY",-24
2025-11-03,"STARBUCKS",-13
2025-11-03,"DOCTOR COPAY",-24
2025-11-03,"IKEA",-178
2025-11-03,"PARKING",-25
2025-11-03,"COFFEE SHOP",-25
2025-11-04,"PERSONAL TRANSFER",-21
2025-11-04,"TOLL",-35
2025-11-04,"STEAM",-20
2025-11-04,"UBER EATS",-27
2025-11-04,"WATER UTILITY",-83
2025-11-04,"APPLE MUSIC",-17
2025-11-04,"ALDI",-112
2025-11-04,"DISNEY+",-23
2025-11-05,"SPOTIFY",-8
2025-11-05,"DENTAL",-59
2025-11-05,"CASH APP",-15
2025-11-05,"HOME DEPOT",-30
2025-11-05,"ZELLE",-21
2025-11-06,"WALGREENS",-32
2025-11-06,"TRADER JOE'S",-90
2025-11-06,"LYFT",-78
2025-11-06,"DOMINO'S",-44
2025-11-06,"BEST BUY",-62
2025-11-06,"TOLL",-64
2025-11-06,"AMAZON",-159
2025-11-06,"BUS PASS",-66
2025-11-06,"LOCAL BISTRO",-23
2025-11-07,"DOMINO'S",-45
2025-11-07,"TARGET",-54
2025-11-07,"KROGER",-54
2025-11-07,"PARKING",-43
2025-11-07,"EBAY",-118
2025-11-08,"DROPBOX",-21
2025-11-08,"HULU",-11
2025-11-08,"DOMINO'S",-15
2025-11-09,"PERSONAL TRANSFER",-29
2025-11-09,"DROPBOX",-19
2025-11-09,"GOLF COURSE",-31
2025-11-10,"UBER EATS",-29
2025-11-10,"PLAYSTATION",-57
2025-11-10,"AMAZON.COM",-71
2025-11-10,"TOLL",-34
2025-11-11,"DOCTOR COPAY",-32
2025-11-11,"GITHUB",-14
2025-11-11,"COFFEE SHOP",-44
2025-11-11,"UBER EATS",-24
2025-11-11,"NETFLIX",-16
2025-11-11,"LOCAL BISTRO",-35
2025-11-11,"SPOTIFY",-15
2025-11-12,"SAFEWAY",-80
2025-11-12,"UBER",-36
2025-11-12,"MCDONALDS",-21
2025-11-12,"BEST BUY",-170
2025-11-12,"SHELL GAS",-49
2025-11-12,"ZELLE",-44
2025-11-13,"SALARY DEPOSIT",3326
2025-11-13,"UBER EATS",-36
2025-11-13,"DOMINO'S",-22
2025-11-13,"DOCTOR COPAY",-78
2025-11-13,"PERSONAL TRANSFER",-25
2025-11-13,"LYFT",-44
2025-11-14,"GOLF COURSE",-47
2025-11-14,"BEST BUY",-28
2025-11-14,"PERSONAL TRANSFER",-32
2025-11-14,"DROPBOX",-10
2025-11-14,"UBER EATS",-24
2025-11-15,"DOORDASH",-28
2025-11-15,"PANERA",-10
2025-11-15,"COFFEE SHOP",-45
2025-11-15,"PARKING",-53
2025-11-15,"LOCAL BISTRO",-43
2025-11-15,"COMCAST",-69
2025-11-15,"HOME DEPOT",-76
2025-11-16,"CHIPOTLE",-42
2025-11-16,"LOCAL BISTRO",-34
2025-11-16,"ADOBE",-15
2025-11-16,"DOORDASH",-15
2025-11-17,"STARBUCKS",-14
2025-11-17,"STARBUCKS",-26
2025-11-17,"SAFEWAY",-61
2025-11-17,"DOMINO'S",-32
2025-11-17,"CHIPOTLE",-15
2025-11-17,"ICLOUD",-21
2025-11-17,"STARBUCKS",-8
2025-11-17,"DOORDASH",-29
2025-11-18,"DOORDASH",-34
2025-11-18,"PERSONAL TRANSFER",-39
2025-11-18,"MOVIE TICKET",-37
2025-11-18,"PANERA",-42
2025-11-18,"VISION",-34
2025-11-18,"COFFEE SHOP",-18
2025-11-18,"DOORDASH",-44
2025-11-19,"COSTCO",-110
2025-11-19,"BEST BUY",-63
2025-11-20,"ALDI",-101
2025-11-20,"TOLL",-75
2025-11-20,"APPLE MUSIC",-21
2025-11-20,"HULU",-25
2025-11-20,"STEAM",-34
2025-11-21,"AMAZON.COM",-111
2025-11-21,"KROGER",-44
2025-11-21,"DOMINO'S",-22
2025-11-21,"METRO CARD",-70
2025-11-21,"HOME DEPOT",-52
2025-11-21,"COSTCO",-111
2025-11-21,"DOORDASH",-20
2025-11-21,"NORDSTROM",-155
2025-11-21,"BANK FEE",-11
2025-11-22,"DENTAL",-37
2025-11-22,"PANERA",-29
2025-11-22,"PERSONAL TRANSFER",-27
2025-11-22,"NORDSTROM",-32
2025-11-22,"KROGER",-59
2025-11-22,"UBER EATS",-38
2025-11-22,"BANK FEE",-26
2025-11-23,"EXXON",-47
2025-11-23,"TOLL",-75
2025-11-23,"CASH APP",-30
2025-11-23,"LYFT",-73
2025-11-23,"WALMART",-117
2025-11-23,"PLAYSTATION",-34
2025-11-23,"STEAM",-49
2025-11-23,"DOMINO'S",-14
2025-11-24,"STEAM",-45
2025-11-24,"LANDLORD RENT",-1536
2025-11-24,"TARGET",-106
2025-11-24,"APPLE.COM",-54
2025-11-24,"DOMINO'S",-23
2025-11-24,"DOORDASH",-32
2025-11-24,"DOMINO'S",-11
2025-11-25,"PANERA",-34
2025-11-25,"PANERA",-35
2025-11-25,"BEST BUY",-86
2025-11-25,"SHELL GAS",-69
2025-11-26,"CHIPOTLE",-31
2025-11-26,"TARGET",-96
2025-11-26,"ALDI",-65
2025-11-26,"STARBUCKS",-12
2025-11-26,"SPOTIFY",-17
2025-11-26,"METRO CARD",-42
2025-11-26,"DISNEY+",-16
2025-11-27,"COSTCO",-66
2025-11-27,"NORDSTROM",-104
2025-11-27,"DOORDASH",-15
2025-11-27,"CASH APP",-40
2025-11-27,"WALMART",-42
2025-11-28,"PERSONAL TRANSFER",-43
2025-11-28,"SAFEWAY",-47
2025-11-28,"MCDONALDS",-33
2025-11-28,"LOCAL BISTRO",-42
2025-11-28,"MCDONALDS",-41
2025-11-28,"ICLOUD",-9
2025-11-28,"LOCAL BISTRO",-35
2025-11-29,"UBER",-45
2025-11-29,"DOORDASH",-45
2025-11-29,"UBER EATS",-15
2025-11-29,"BEST BUY",-177
2025-11-29,"SPROUTS",-75
2025-11-30,"GAS COMPANY",-110
2025-11-30,"DOMINO'S",-17
2025-11-30,"MCDONALDS",-12
2025-11-30,"COFFEE SHOP",-31
2025-11-30,"ICLOUD",-13
2025-11-30,"EBAY",-23
2025-11-30,"HBO MAX",-22
2025-11-30,"HBO MAX",-24
2025-11-30,"GITHUB",-25
2025-11-30,"SAFEWAY",-106
2025-12-01,"EMPLOYER PAYROLL",3138
2025-12-01,"DOMINO'S",-8
2025-12-01,"XBOX",-40
2025-12-01,"EXXON",-76
2025-12-01,"SPROUTS",-45
2025-12-01,"ADOBE",-24
2025-12-01,"AT&T",-112
2025-12-01,"STARBUCKS",-15
2025-12-02,"APPLE.COM",-124
2025-12-02,"APPLE MUSIC",-6
2025-12-02,"LOCAL BISTRO",-16
2025-12-03,"NORDSTROM",-108
2025-12-03,"COFFEE SHOP",-38
2025-12-03,"NETFLIX",-11
2025-12-03,"TRADER JOE'S",-103
2025-12-03,"BUS PASS",-76
2025-12-03,"VISION",-52
2025-12-04,"DOMINO'S",-29
2025-12-04,"MORTGAGE PAYMENT",-1383
2025-12-04,"HOME DEPOT",-109
2025-12-04,"BEST BUY",-190
2025-12-05,"AMAZON",-51
2025-12-05,"ADOBE",-9
2025-12-05,"CASH APP",-15
2025-12-06,"SPOTIFY",-7
2025-12-06,"COFFEE SHOP",-19
2025-12-06,"WHOLE FOODS",-93
2025-12-06,"AMAZON.COM",-50
2025-12-06,"CASH APP",-45
2025-12-06,"CHIPOTLE",-11
2025-12-07,"DOORDASH",-38
2025-12-07,"HOME DEPOT",-33
2025-12-07,"MCDONALDS",-36
2025-12-07,"UBER EATS",-34
2025-12-07,"INTERNET BILL",-154
2025-12-07,"PARKING",-53
2025-12-08,"COFFEE SHOP",-26
2025-12-08,"TOLL",-32
2025-12-08,"COSTCO",-80
2025-12-08,"COFFEE SHOP",-28
2025-12-08,"AMAZON",-35
2025-12-09,"LOCAL BISTRO",-42
2025-12-09,"LOCAL BISTRO",-32
2025-12-09,"HOME DEPOT",-87
2025-12-10,"DOCTOR COPAY",-50
2025-12-10,"VENMO",-42
2025-12-10,"KROGER",-98
2025-12-10,"WATER UTILITY",-154
2025-12-11,"NORDSTROM",-104
2025-12-11,"HULU",-11
2025-12-11,"PARKING",-53
2025-12-11,"MCDONALDS",-9
2025-12-11,"HOME DEPOT",-43
2025-12-11,"AMAZON.COM",-132
2025-12-11,"PERSONAL TRANSFER",-34
2025-12-12,"XBOX",-33
2025-12-12,"ALDI",-97
2025-12-12,"DOMINO'S",-21
2025-12-12,"VENMO",-49
2025-12-12,"LOCAL BISTRO",-42
2025-12-13,"SALARY DEPOSIT",3165
2025-12-13,"BEST BUY",-148
2025-12-13,"COFFEE SHOP",-26
2025-12-13,"CONCERT",-33
2025-12-13,"NETFLIX",-20
2025-12-13,"AMAZON.COM",-93
2025-12-13,"CHIPOTLE",-32
2025-12-14,"VISION",-47
2025-12-14,"PANERA",-40
2025-12-14,"APPLE MUSIC",-14
2025-12-14,"STEAM",-49
2025-12-14,"GITHUB",-9
2025-12-15,"APPLE MUSIC",-11
2025-12-15,"PERSONAL TRANSFER",-6
2025-12-15,"MCDONALDS",-16
2025-12-15,"WHOLE FOODS",-74
2025-12-15,"MCDONALDS",-31
2025-12-16,"DENTAL",-74
2025-12-16,"AT&T",-79
2025-12-17,"MCDONALDS",-21
2025-12-17,"EBAY",-193
2025-12-17,"SPROUTS",-102
2025-12-17,"ALDI",-110
2025-12-17,"CVS PHARMACY",-29
2025-12-17,"PLAYSTATION",-22
2025-12-17,"STARBUCKS",-23
2025-12-17,"TOLL",-73
2025-12-18,"COFFEE SHOP",-37
2025-12-18,"STARBUCKS",-39
2025-12-18,"HULU",-6
2025-12-18,"COFFEE SHOP",-39
2025-12-18,"PERSONAL TRANSFER",-41
2025-12-18,"PANERA",-22
2025-12-19,"PHONE BILL",-75
2025-12-19,"HOME DEPOT",-31
2025-12-19,"BANK FEE",-11
2025-12-19,"LYFT",-35
2025-12-19,"ALDI",-98
2025-12-20,"SHELL GAS",-50
2025-12-20,"DISNEY+",-14
2025-12-20,"CHIPOTLE",-30
2025-12-20,"BEST BUY",-118
2025-12-20,"AMAZON",-22
2025-12-20,"STARBUCKS",-23
2025-12-20,"DOORDASH",-33
2025-12-21,"LOCAL BISTRO",-25
2025-12-21,"DROPBOX",-19
2025-12-21,"DOORDASH",-22
2025-12-21,"PANERA",-18
2025-12-21,"PANERA",-21
2025-12-22,"TOLL",-77
2025-12-22,"CONCERT",-51
2025-12-22,"SPROUTS",-37
2025-12-23,"UBER",-26
2025-12-23,"COFFEE SHOP",-13
2025-12-23,"PERSONAL TRANSFER",-10
2025-12-24,"DISNEY+",-22
2025-12-24,"CHIPOTLE",-17
2025-12-24,"PANERA",-32
2025-12-24,"PLAYSTATION",-27
2025-12-25,"AT&T",-100
2025-12-25,"VENMO",-10
2025-12-25,"HOME DEPOT",-125
2025-12-25,"LOCAL BISTRO",-39
2025-12-25,"KROGER",-51
2025-12-25,"BANK FEE",-37
2025-12-25,"ZELLE",-28
2025-12-26,"WHOLE FOODS",-78
2025-12-26,"ZELLE",-29
2025-12-26,"DOMINO'S",-16
2025-12-26,"HULU",-5
2025-12-26,"WALMART",-111
2025-12-26,"DOMINO'S",-20
2025-12-27,"CONCERT",-29
2025-12-27,"APPLE MUSIC",-12
2025-12-27,"TARGET",-101
2025-12-27,"LOCAL BISTRO",-39
2025-12-27,"ALDI",-102
2025-12-27,"AMAZON",-92
2025-12-27,"CONCERT",-28
2025-12-27,"PHONE BILL",-92
2025-12-27,"UBER EATS",-27
2025-12-28,"PANERA",-10
2025-12-28,"STEAM",-36
2025-12-28,"WHOLE FOODS",-36
2025-12-28,"PERSONAL TRANSFER",-49
2025-12-28,"HOME DEPOT",-15
2025-12-29,"AMAZON.COM",-110
2025-12-29,"UBER EATS",-22
2025-12-29,"NORDSTROM",-29
2025-12-29,"ALDI",-62
2025-12-29,"VENMO",-39
2025-12-29,"DOORDASH",-17
2025-12-29,"PERSONAL TRANSFER",-39
2025-12-29,"HOME DEPOT",-136
2025-12-29,"HBO MAX",-21
2025-12-29,"ADOBE",-11
2025-12-29,"SAFEWAY",-49
2025-12-30,"DOORDASH",-29
2025-12-30,"BEST BUY",-106
2025-12-30,"SAFEWAY",-81
2025-12-30,"SAFEWAY",-110
2025-12-30,"CONCERT",-46
2025-12-30,"TARGET",-88
2025-12-31,"TOLL",-31
2025-12-31,"PERSONAL TRANSFER",-38
2025-12-31,"HBO MAX",-5
2025-12-31,"SHELL GAS",-65
2025-12-31,"CONCERT",-55
2026-01-01,"SALARY DEPOSIT",3517
2026-01-01,"SHELL GAS",-67
2026-01-01,"SPOTIFY",-5
2026-01-01,"MCDONALDS",-22
2026-01-01,"COFFEE SHOP",-10
2026-01-02,"NETFLIX",-24
2026-01-02,"ZELLE",-30
2026-01-02,"GOLF COURSE",-35
2026-01-02,"PERSONAL TRANSFER",-10
2026-01-02,"BUS PASS",-74
2026-01-03,"ELECTRIC CO",-178
2026-01-03,"IKEA",-172
2026-01-03,"VISION",-60
2026-01-04,"BANK FEE",-25
2026-01-04,"LOCAL BISTRO",-22
2026-01-04,"COFFEE SHOP",-23
2026-01-04,"WHOLE FOODS",-96
2026-01-04,"HBO MAX",-13
2026-01-04,"UBER",-41
2026-01-04,"DISNEY+",-22
2026-01-05,"DISNEY+",-19
2026-01-05,"DOORDASH",-14
2026-01-05,"ADOBE",-9
2026-01-05,"COFFEE SHOP",-35
2026-01-05,"VENMO",-46
2026-01-06,"DOORDASH",-22
2026-01-06,"ELECTRIC CO",-139
2026-01-07,"WALMART",-118
2026-01-07,"WHOLE FOODS",-59
2026-01-07,"HULU",-21
2026-01-07,"UBER EATS",-39
2026-01-07,"PARKING",-31
2026-01-08,"KROGER",-84
2026-01-08,"UBER EATS",-44
2026-01-08,"LOCAL BISTRO",-42
2026-01-08,"DOORDASH",-45
2026-01-08,"IKEA",-33
2026-01-09,"SPOTIFY",-16
2026-01-09,"DOORDASH",-25
2026-01-09,"DOMINO'S",-22
2026-01-09,"NORDSTROM",-135
2026-01-09,"WHOLE FOODS",-68
2026-01-09,"COFFEE SHOP",-30
2026-01-09,"LYFT",-44
2026-01-09,"TARGET",-82
2026-01-10,"MCDONALDS",-21
2026-01-10,"STARBUCKS",-29
2026-01-11,"WALMART",-40
2026-01-11,"COFFEE SHOP",-18
2026-01-11,"ELECTRIC CO",-114
2026-01-11,"BUS PASS",-75
2026-01-11,"EBAY",-177
2026-01-11,"VENMO",-26
2026-01-12,"DROPBOX",-17
2026-01-12,"COSTCO",-81
2026-01-12,"BANK FEE",-15
2026-01-12,"AT&T",-111
2026-01-13,"ACME CORP PAYROLL",3124
2026-01-13,"ALDI",-87
2026-01-14,"DOMINO'S",-30
2026-01-14,"VISION",-44
2026-01-14,"IKEA",-175
2026-01-15,"GITHUB",-12
2026-01-15,"SAFEWAY",-101
2026-01-15,"CASH APP",-34
2026-01-15,"GITHUB",-11
2026-01-16,"PHONE BILL",-105
2026-01-16,"COFFEE SHOP",-35
2026-01-16,"CONCERT",-49
2026-01-16,"SPROUTS",-64
2026-01-16,"AMAZON",-177
2026-01-16,"UBER EATS",-41
2026-01-16,"MCDONALDS",-45
2026-01-17,"RENT PAYMENT",-1537
2026-01-17,"CASH APP",-33
2026-01-17,"DOMINO'S",-24
2026-01-18,"AMAZON.COM",-105
2026-01-18,"HBO MAX",-9
2026-01-18,"BEST BUY",-184
2026-01-18,"EBAY",-22
2026-01-19,"TOLL",-78
2026-01-19,"PANERA",-37
2026-01-19,"DOORDASH",-25
2026-01-20,"PERSONAL TRANSFER",-13
2026-01-20,"COFFEE SHOP",-43
2026-01-20,"DROPBOX",-7
2026-01-20,"CVS PHARMACY",-15
2026-01-20,"DISNEY+",-20
2026-01-20,"CHIPOTLE",-34
2026-01-20,"UBER EATS",-34
2026-01-21,"CHIPOTLE",-34
2026-01-21,"ZELLE",-23
2026-01-21,"BUS PASS",-74
2026-01-21,"MCDONALDS",-28
2026-01-21,"COFFEE SHOP",-34
2026-01-21,"PANERA",-39
2026-01-21,"APPLE.COM",-98
2026-01-21,"COFFEE SHOP",-8
2026-01-21,"DOMINO'S",-9
2026-01-22,"DOMINO'S",-25
2026-01-22,"TARGET",-86
2026-01-23,"UBER EATS",-26
2026-01-23,"VISION",-21
2026-01-23,"WALMART",-120
2026-01-23,"VENMO",-33
2026-01-23,"PERSONAL TRANSFER",-42
2026-01-23,"EBAY",-123
2026-01-23,"DOMINO'S",-28
2026-01-23,"PANERA",-10
2026-01-24,"COFFEE SHOP",-45
2026-01-24,"PERSONAL TRANSFER",-16
2026-01-24,"CHEVRON",-66
2026-01-25,"SPROUTS",-50
2026-01-25,"ATM WITHDRAWAL",-42
2026-01-25,"DOORDASH",-8
2026-01-25,"METRO CARD",-77
2026-01-25,"AMAZON.COM",-34
2026-01-25,"TOLL",-25
2026-01-25,"ADOBE",-25
2026-01-25,"DOORDASH",-38
2026-01-25,"ICLOUD",-13
2026-01-26,"GOLF COURSE",-53
2026-01-26,"APPLE.COM",-136
2026-01-26,"ATM WITHDRAWAL",-41
2026-01-26,"TARGET",-78
2026-01-26,"MCDONALDS",-10
2026-01-26,"PANERA",-24
2026-01-26,"XBOX",-59
2026-01-27,"PANERA",-12
2026-01-27,"AMAZON",-182
2026-01-27,"BANK FEE",-33
2026-01-27,"SAFEWAY",-108
2026-01-27,"GOLF COURSE",-42
2026-01-28,"MCDONALDS",-27
2026-01-28,"DOCTOR COPAY",-67
2026-01-28,"NORDSTROM",-83
2026-01-28,"LYFT",-27
2026-01-28,"BANK FEE",-24
2026-01-29,"CONCERT",-59
2026-01-29,"CASH APP",-12
2026-01-29,"WALMART",-96
2026-01-30,"APPLE.COM",-27
2026-01-30,"DOCTOR COPAY",-32
2026-01-30,"COFFEE SHOP",-20
2026-01-30,"CASH APP",-35
2026-01-30,"NORDSTROM",-161
2026-01-30,"GOLF COURSE",-27
2026-01-30,"ICLOUD",-9
2026-01-31,"CONCERT",-40
2026-01-31,"NORDSTROM",-49
2026-01-31,"COFFEE SHOP",-11
2026-02-01,"EMPLOYER PAYROLL",3112
2026-02-01,"SPOTIFY",-9
2026-02-01,"ADOBE",-17
2026-02-01,"PANERA",-18
2026-02-01,"NETFLIX",-10
2026-02-01,"CHIPOTLE",-27
2026-02-01,"HBO MAX",-20
2026-02-02,"ALDI",-92
2026-02-02,"COFFEE SHOP",-37
2026-02-02,"LOCAL BISTRO",-13
2026-02-03,"AMAZON.COM",-149
2026-02-03,"CASH APP",-22
2026-02-03,"DOMINO'S",-22
2026-02-03,"ADOBE",-19
2026-02-03,"APPLE MUSIC",-7
2026-02-04,"MCDONALDS",-13
2026-02-04,"ADOBE",-25
2026-02-04,"XBOX",-17
2026-02-04,"PANERA",-22
2026-02-04,"ATM WITHDRAWAL",-10
2026-02-04,"WHOLE FOODS",-117
2026-02-04,"TARGET",-76
2026-02-05,"COMCAST",-130
2026-02-05,"WHOLE FOODS",-38
2026-02-05,"CONCERT",-27
2026-02-05,"ALDI",-66
2026-02-05,"APPLE.COM",-118
2026-02-05,"GITHUB",-11
2026-02-05,"PHONE BILL",-113
2026-02-05,"BUS PASS",-70
2026-02-06,"HBO MAX",-24
2026-02-06,"WATER UTILITY",-68
2026-02-06,"DOMINO'S",-45
2026-02-07,"COSTCO",-68
2026-02-07,"TARGET",-47
2026-02-07,"CONCERT",-15
2026-02-07,"MCDONALDS",-19
2026-02-08,"VISION",-32
2026-02-08,"HULU",-25
2026-02-08,"SPOTIFY",-20
2026-02-08,"DISNEY+",-5
2026-02-08,"HOME DEPOT",-123
2026-02-09,"COFFEE SHOP",-45
2026-02-09,"SAFEWAY",-61
2026-02-09,"AMAZON.COM",-95
2026-02-09,"ATM WITHDRAWAL",-19
2026-02-09,"PERSONAL TRANSFER",-45
2026-02-09,"STARBUCKS",-39
2026-02-09,"DOMINO'S",-28
2026-02-09,"EXXON",-59
2026-02-09,"PANERA",-37
2026-02-09,"APPLE MUSIC",-21
2026-02-09,"CHIPOTLE",-10
2026-02-09,"COFFEE SHOP",-30
2026-02-10,"AMAZON.COM",-67
2026-02-10,"LYFT",-54
2026-02-10,"DISNEY+",-17
2026-02-11,"APPLE MUSIC",-20
2026-02-11,"TOLL",-58
2026-02-11,"NORDSTROM",-188
2026-02-11,"APPLE.COM",-42
2026-02-11,"PLAYSTATION",-20
2026-02-11,"APPLE MUSIC",-14
2026-02-11,"NETFLIX",-22
2026-02-12,"DENTAL",-26
2026-02-12,"AMAZON",-130
2026-02-12,"ZELLE",-43
2026-02-12,"TARGET",-52
2026-02-12,"BEST BUY",-110
2026-02-12,"APPLE MUSIC",-16
2026-02-12,"SPOTIFY",-6
2026-02-12,"LOCAL BISTRO",-24
2026-02-12,"METRO CARD",-25
2026-02-13,"DIRECT DEPOSIT PAYROLL",3233
2026-02-13,"CONCERT",-58
2026-02-13,"AMAZON.COM",-87
2026-02-13,"TARGET",-49
2026-02-13,"XBOX",-15
2026-02-14,"ADOBE",-6
2026-02-14,"WALMART",-64
2026-02-14,"UBER",-45
2026-02-14,"ICLOUD",-13
2026-02-14,"ATM WITHDRAWAL",-18
2026-02-15,"CHEVRON",-74
2026-02-15,"STEAM",-12
2026-02-15,"ALDI",-70
2026-02-15,"SPROUTS",-114
2026-02-15,"MOVIE TICKET",-50
2026-02-15,"STARBUCKS",-8
2026-02-15,"STARBUCKS",-9
2026-02-16,"STEAM",-37
2026-02-16,"CHIPOTLE",-11
2026-02-17,"HULU",-5
2026-02-17,"NORDSTROM",-36
2026-02-17,"ADOBE",-5
2026-02-17,"DISNEY+",-11
2026-02-17,"CHEVRON",-71
2026-02-17,"APPLE.COM",-180
2026-02-17,"LOCAL BISTRO",-44
2026-02-18,"COSTCO",-55
2026-02-19,"SPROUTS",-62
2026-02-19,"BEST BUY",-183
2026-02-19,"ZELLE",-12
2026-02-19,"ICLOUD",-17
2026-02-19,"DISNEY+",-9
2026-02-19,"ALDI",-42
2026-02-19,"MCDONALDS",-17
2026-02-20,"METRO CARD",-61
2026-02-20,"KROGER",-46
2026-02-20,"WHOLE FOODS",-64
2026-02-20,"XBOX",-33
2026-02-20,"CONCERT",-52
2026-02-21,"UBER EATS",-43
2026-02-21,"APPLE.COM",-184
2026-02-21,"LOCAL BISTRO",-36
2026-02-21,"MOVIE TICKET",-18
2026-02-22,"ELECTRIC CO",-109
2026-02-22,"COFFEE SHOP",-18
2026-02-22,"CHEVRON",-78
2026-02-22,"HOME DEPOT",-119
2026-02-22,"WALMART",-101
2026-02-22,"INTERNET BILL",-78
2026-02-23,"DOORDASH",-34
2026-02-23,"SAFEWAY",-105
2026-02-23,"GOLF COURSE",-42
2026-02-23,"CHIPOTLE",-19
2026-02-23,"STEAM",-54
2026-02-24,"HBO MAX",-19
2026-02-24,"METRO CARD",-39
2026-02-24,"WALGREENS",-52
2026-02-24,"MOVIE TICKET",-52
2026-02-24,"VISION",-43
2026-02-24,"LOCAL BISTRO",-29
2026-02-24,"ADOBE",-11
2026-02-25,"SPOTIFY",-10
2026-02-25,"APPLE.COM",-38
2026-02-25,"MCDONALDS",-24
2026-02-25,"DOMINO'S",-35
2026-02-25,"LOCAL BISTRO",-17
2026-02-25,"NORDSTROM",-79
2026-02-26,"AMAZON.COM",-191
2026-02-26,"COFFEE SHOP",-18
2026-02-26,"NORDSTROM",-122
2026-02-26,"COFFEE SHOP",-27
2026-02-26,"MCDONALDS",-9
2026-02-26,"PLAYSTATION",-59
2026-02-26,"APPLE.COM",-185
2026-02-26,"TRADER JOE'S",-114
2026-02-27,"DOORDASH",-13
2026-02-27,"LOCAL BISTRO",-14
2026-02-27,"HULU",-9
2026-02-28,"SPOTIFY",-6
2026-02-28,"DENTAL",-29
2026-02-28,"STARBUCKS",-21
2026-02-28,"SHELL GAS",-79
2026-02-28,"DOCTOR COPAY",-29
2026-02-28,"PERSONAL TRANSFER",-35
2026-02-28,"PANERA",-11
2026-02-28,"PERSONAL TRANSFER",-50
2026-02-28,"DOMINO'S",-42